oneid,group_size,bid,ask,hints,grp,time,round,treatment,prob_endowed
1005,low,3,5,yes,2,2021-10-08 13:32:57,1,3,0.4
1005,low,6,5,yes,4,2021-10-08 13:37:17,2,3,0.75
1005,low,6,7,yes,0,2021-10-08 13:39:00,3,3,0.75
1005,low,6,10,yes,2,2021-10-08 13:40:48,4,3,0.75
1005,low,6,7,yes,4,2021-10-08 13:42:41,5,3,1
1005,low,6,6,yes,4,2021-10-08 13:44:58,6,3,1
1005,low,6,4,yes,2,2021-10-08 13:47:27,7,3,1
1005,low,9,4,yes,2,2021-10-08 13:49:13,8,3,0.5
1005,low,10,4,yes,3,2021-10-08 13:50:57,9,3,1
1005,low,10,4,yes,0,2021-10-08 13:52:42,10,3,1
1005,low,10,3,yes,0,2021-10-08 13:54:59,11,3,1
1005,low,10,3,yes,4,2021-10-08 13:56:38,12,3,1
1005,low,10,3,yes,0,2021-10-08 13:58:45,13,3,1
1005,low,10,3,yes,3,2021-10-08 14:00:56,14,3,1
1005,low,10,3,yes,4,2021-10-08 14:02:48,15,3,1
1005,low,10,3,yes,2,2021-10-08 14:04:21,16,3,1
1005,low,10,3,yes,3,2021-10-08 14:06:58,17,3,1
1005,low,10,3,yes,2,2021-10-08 14:08:22,18,3,1
1005,low,10,3,yes,4,2021-10-08 14:10:47,19,3,1
1005,low,10,3,yes,1,2021-10-08 14:12:28,20,3,1
4906,high,3,2.5,no,1,2021-10-08 13:31:59,1,0,0.1
4906,high,2.5,3,no,1,2021-10-08 13:37:01,2,0,0.1
4906,high,6,3,no,1,2021-10-08 13:39:11,3,0,0.1
4906,high,5.5,5,no,1,2021-10-08 13:41:42,4,0,0.1
4906,high,6,6,no,1,2021-10-08 13:42:48,5,0,0.1
4906,high,6,0.5,no,1,2021-10-08 13:44:29,6,0,0.1
4906,high,6,0.25,no,1,2021-10-08 13:46:36,7,0,0.05
4906,high,10,0.25,no,1,2021-10-08 13:49:03,8,0,0.1
4906,high,6,6,no,1,2021-10-08 13:50:23,9,0,0.1
4906,high,6,5,no,1,2021-10-08 13:53:01,10,0,0.1
4906,high,2,0.5,no,1,2021-10-08 13:55:04,11,0,0.1
4906,high,6,0.25,no,1,2021-10-08 13:56:29,12,0,0.1
4906,high,6,0.25,no,1,2021-10-08 13:58:49,13,0,0.1
4906,high,6,5,no,1,2021-10-08 14:00:46,14,0,0.1
4906,high,6,8,no,1,2021-10-08 14:02:38,15,0,0.1
4906,high,6,0.25,no,1,2021-10-08 14:04:52,16,0,0.1
4906,high,6,7,no,1,2021-10-08 14:06:52,17,0,0.1
4906,high,6,0.25,no,1,2021-10-08 14:09:04,18,0,0.1
4906,high,2,0.25,no,1,2021-10-08 14:10:39,19,0,0.1
4906,high,2,0.25,no,1,2021-10-08 14:13:03,20,0,0.1
9096,high,2,2.5,yes,1,2021-10-08 13:31:57,1,1,0
9096,high,4,4.5,yes,1,2021-10-08 13:37:59,2,1,0.05
9096,high,5,3.5,yes,1,2021-10-08 13:39:01,3,1,0.1
9096,high,4,3.5,yes,1,2021-10-08 13:41:32,4,1,0.4
9096,high,4.5,6,yes,1,2021-10-08 13:43:43,5,1,0.2
9096,high,5.5,6,yes,1,2021-10-08 13:45:03,6,1,0.1
9096,high,4.5,5.5,yes,1,2021-10-08 13:47:23,7,1,0.1
9096,high,3,6,yes,1,2021-10-08 13:49:29,8,1,0.1
9096,high,6,2.5,yes,1,2021-10-08 13:51:24,9,1,0.1
9096,high,2,2.5,yes,1,2021-10-08 13:53:01,10,1,0.05
9096,high,6,4,yes,1,2021-10-08 13:55:34,11,1,0.1
9096,high,5.5,6,yes,1,2021-10-08 13:57:12,12,1,0.1
9096,high,4.5,6.5,yes,1,2021-10-08 13:59:06,13,1,0.1
9096,high,6,7,yes,1,2021-10-08 14:01:12,14,1,0.1
9096,high,6,7.5,yes,1,2021-10-08 14:02:31,15,1,0.1
9096,high,6,8,yes,1,2021-10-08 14:05:04,16,1,0.1
9096,high,2,1.5,yes,1,2021-10-08 14:06:45,17,1,0.1
9096,high,5,6,yes,1,2021-10-08 14:09:05,18,1,0.1
9096,high,5,5.5,yes,1,2021-10-08 14:10:43,19,1,0.1
9096,high,5,6,yes,1,2021-10-08 14:13:25,20,1,0.1
9275,low,5,4,no,3,2021-10-08 13:33:53,1,2,0.4
9275,low,6,5,no,6,2021-10-08 13:37:04,2,2,0.05
9275,low,4,4,no,1,2021-10-08 13:38:49,3,2,0.5
9275,low,3,4,no,1,2021-10-08 13:40:31,4,2,0.4
9275,low,4,5,no,6,2021-10-08 13:42:24,5,2,1
9275,low,5,3,no,6,2021-10-08 13:44:36,6,2,0.2
9275,low,2,3,no,3,2021-10-08 13:46:26,7,2,0
9275,low,6,7,no,3,2021-10-08 13:48:25,8,2,0.4
9275,low,4,5,no,5,2021-10-08 13:50:20,9,2,0.2
9275,low,2,5,no,1,2021-10-08 13:52:16,10,2,1
9275,low,8,1,no,0,2021-10-08 13:54:19,11,2,0.4
9275,low,4,4,no,5,2021-10-08 13:56:31,12,2,0.1
9275,low,2,1,no,2,2021-10-08 13:58:43,13,2,0.4
9275,low,3,4,no,3,2021-10-08 14:00:31,14,2,0.4
9275,low,5,8,no,5,2021-10-08 14:02:56,15,2,0.5
9275,low,3,5,no,4,2021-10-08 14:04:18,16,2,0.2
9275,low,6,7,no,4,2021-10-08 14:06:21,17,2,0.2
9275,low,2,3,no,3,2021-10-08 14:08:44,18,2,0.1
9275,low,4,3,no,5,2021-10-08 14:10:20,19,2,0.75
9275,low,7,8,no,3,2021-10-08 14:12:16,20,2,0.75
9727,high,5,6,no,1,2021-10-08 13:32:01,1,0,0.4
9727,high,7.5,10,no,1,2021-10-08 13:38:10,2,0,0.75
9727,high,9,10,no,1,2021-10-08 13:38:44,3,0,0.75
9727,high,9,10,no,1,2021-10-08 13:40:50,4,0,0.75
9727,high,10,3,no,1,2021-10-08 13:42:56,5,0,0.75
9727,high,10,4,no,1,2021-10-08 13:45:00,6,0,0.1
9727,high,10,4,no,1,2021-10-08 13:47:05,7,0,0.5
9727,high,8,4,no,1,2021-10-08 13:49:00,8,0,0
9727,high,10,0.25,no,1,2021-10-08 13:51:16,9,0,0.5
9727,high,10,10,no,1,2021-10-08 13:53:29,10,0,0.5
9727,high,10,1.5,no,1,2021-10-08 13:54:55,11,0,0.5
9727,high,10,1,no,1,2021-10-08 13:56:55,12,0,0.2
9727,high,10,1,no,1,2021-10-08 13:59:03,13,0,0.5
9727,high,10,1,no,1,2021-10-08 14:00:45,14,0,0.5
9727,high,8,6,no,1,2021-10-08 14:03:08,15,0,0.05
9727,high,3,1,no,1,2021-10-08 14:04:48,16,0,0
9985,high,3.5,5,no,1,2021-10-08 13:32:03,1,0,0.05
9985,high,6.5,7,no,1,2021-10-08 13:37:25,2,0,0.5
9985,high,4.75,6,no,1,2021-10-08 13:39:14,3,0,0.2
9985,high,1,10,no,1,2021-10-08 13:41:08,4,0,0.05
9985,high,7,10,no,1,2021-10-08 13:42:51,5,0,0.5
9985,high,5.5,10,no,1,2021-10-08 13:44:48,6,0,0.1
9985,high,8,9,no,1,2021-10-08 13:46:50,7,0,0.75
9985,high,6,6,no,1,2021-10-08 13:49:05,8,0,0.5
9985,high,10,8,no,1,2021-10-08 13:50:41,9,0,0.5
9985,high,3,3,no,1,2021-10-08 13:52:36,10,0,0.05
9985,high,7,0.25,no,1,2021-10-08 13:54:43,11,0,0.2
9985,high,7,9,no,1,2021-10-08 13:56:45,12,0,0.5
9985,high,3,3,no,1,2021-10-08 13:58:46,13,0,0
9985,high,0,0,no,1,2021-10-08 14:00:24,14,0,0
9985,high,9,1,no,1,2021-10-08 14:02:37,15,0,0.75
9985,high,10,1,no,1,2021-10-08 14:04:29,16,0,0.75
9985,high,10,0.5,no,1,2021-10-08 14:06:44,17,0,0.1
9985,high,9.75,0.25,no,1,2021-10-08 14:08:48,18,0,0.1
9985,high,10,0.25,no,1,2021-10-08 14:10:24,19,0,0.1
9985,high,10,9,no,1,2021-10-08 14:12:30,20,0,0.1
10760,low,4,7,yes,3,2021-10-08 13:31:38,1,3,0.5
10760,low,8,5.5,yes,0,2021-10-08 13:37:51,2,3,0.4
10760,low,6,7.5,yes,1,2021-10-08 13:39:05,3,3,0.75
10760,low,7,7.5,yes,3,2021-10-08 13:41:06,4,3,0.75
10760,low,6.5,7.5,yes,3,2021-10-08 13:43:07,5,3,1
10760,low,9,5.5,yes,3,2021-10-08 13:44:46,6,3,0.75
10760,low,8,4.5,yes,4,2021-10-08 13:47:24,7,3,0.75
10760,low,9,4.5,yes,1,2021-10-08 13:48:39,8,3,0.75
10760,low,9,3.5,yes,4,2021-10-08 13:50:30,9,3,0.75
10760,low,7.5,3.5,yes,0,2021-10-08 13:52:36,10,3,0.75
10760,low,6.5,3,yes,1,2021-10-08 13:54:39,11,3,0.75
10760,low,7,3,yes,1,2021-10-08 13:56:45,12,3,0.75
10760,low,6.5,2.5,yes,2,2021-10-08 13:58:48,13,3,0.75
10760,low,7.5,3.25,yes,2,2021-10-08 14:01:10,14,3,0.75
10760,low,7.5,3.5,yes,0,2021-10-08 14:02:57,15,3,1
10760,low,7.5,2.5,yes,4,2021-10-08 14:04:48,16,3,1
10760,low,7.5,3,yes,0,2021-10-08 14:06:42,17,3,1
10760,low,7.5,3,yes,4,2021-10-08 14:08:34,18,3,1
10760,low,6.5,4,yes,0,2021-10-08 14:10:57,19,3,0.75
10760,low,4.5,4.5,yes,2,2021-10-08 14:12:49,20,3,0.75
17945,high,1,1,yes,1,2021-10-08 13:34:08,1,1,0.05
17945,high,2,4,yes,1,2021-10-08 13:39:12,2,1,0.2
17945,high,2.5,8,yes,1,2021-10-08 13:40:49,3,1,0.2
17945,high,3,7,yes,1,2021-10-08 13:42:10,4,1,0.05
17945,high,3,6.5,yes,1,2021-10-08 13:43:20,5,1,0.05
17945,high,3.5,3.5,yes,1,2021-10-08 13:46:12,6,1,0.05
17945,high,10,10,yes,1,2021-10-08 13:48:09,7,1,0.75
17945,high,4,3.5,yes,1,2021-10-08 13:48:57,8,1,0.05
17945,high,3,3.5,yes,1,2021-10-08 13:51:08,9,1,0.05
17945,high,4.5,5,yes,1,2021-10-08 13:52:58,10,1,0.1
17945,high,5,5,yes,1,2021-10-08 13:55:29,11,1,0.05
17945,high,6,6.5,yes,1,2021-10-08 13:58:05,12,1,0.1
17945,high,6,6.25,yes,1,2021-10-08 13:59:10,13,1,0.1
17945,high,6,6.25,yes,1,2021-10-08 14:01:48,14,1,0.05
17945,high,6,6.25,yes,1,2021-10-08 14:02:55,15,1,0.05
17945,high,6,6.25,yes,1,2021-10-08 14:05:31,16,1,0.05
17945,high,3,4,yes,1,2021-10-08 14:06:50,17,1,0
17945,high,6,6.25,yes,1,2021-10-08 14:08:32,18,1,0.05
17945,high,6,6.25,yes,1,2021-10-08 14:10:53,19,1,0.05
17945,high,3,3.5,yes,1,2021-10-08 14:12:34,20,1,0
18929,high,5,5,no,1,2021-10-08 13:33:02,1,0,0.5
18929,high,8,8,no,1,2021-10-08 13:37:22,2,0,0.5
18929,high,3,9,no,1,2021-10-08 13:38:45,3,0,0.5
18929,high,2,3,no,1,2021-10-08 13:40:17,4,0,0.2
18929,high,0.25,2,no,1,2021-10-08 13:42:55,5,0,0.1
18929,high,3,6,no,1,2021-10-08 13:44:56,6,0,0.4
18929,high,2,7,no,1,2021-10-08 13:47:56,7,0,0.2
18929,high,5,5,no,1,2021-10-08 13:48:38,8,0,0.1
18929,high,5,6,no,1,2021-10-08 13:50:49,9,0,0.4
18929,high,5,5,no,1,2021-10-08 13:52:13,10,0,0.05
18929,high,4,3,no,1,2021-10-08 13:54:33,11,0,0.2
18929,high,6,2,no,1,2021-10-08 13:56:31,12,0,0.2
18929,high,9,3,no,1,2021-10-08 13:58:39,13,0,0.1
18929,high,3,4,no,1,2021-10-08 14:00:39,14,0,0.1
18929,high,6,3,no,1,2021-10-08 14:02:39,15,0,0.2
18929,high,6,9,no,1,2021-10-08 14:04:19,16,0,0.1
18929,high,8,2,no,1,2021-10-08 14:06:16,17,0,0.1
18929,high,7,2,no,1,2021-10-08 14:08:58,18,0,0.4
18929,high,5,2,no,1,2021-10-08 14:10:58,19,0,0.4
18929,high,8,4,no,1,2021-10-08 14:12:27,20,0,0.2
24630,high,7,8,yes,1,2021-10-08 13:33:03,1,1,0.4
24630,high,10,10,yes,1,2021-10-08 13:37:23,2,1,0.75
24630,high,8,8,yes,1,2021-10-08 13:40:01,3,1,0.75
24630,high,9,10,yes,1,2021-10-08 13:41:36,4,1,0.75
24630,high,8,5,yes,1,2021-10-08 13:43:06,5,1,0.5
24630,high,10,5,yes,1,2021-10-08 13:44:54,6,1,0.75
24630,high,10,5,yes,1,2021-10-08 13:47:12,7,1,0.4
24630,high,9,3,yes,1,2021-10-08 13:48:58,8,1,0.4
24630,high,10,4,yes,1,2021-10-08 13:50:48,9,1,0.5
24630,high,4,5,yes,1,2021-10-08 13:52:44,10,1,0.1
24630,high,4,4,yes,1,2021-10-08 13:55:38,11,1,0
24630,high,9.75,3,yes,1,2021-10-08 13:57:23,12,1,0.75
24630,high,5,6,yes,1,2021-10-08 13:59:25,13,1,0.1
24630,high,0,7,yes,1,2021-10-08 14:00:45,14,1,0
24630,high,0,2,yes,1,2021-10-08 14:02:37,15,1,0
24630,high,0,6,yes,1,2021-10-08 14:04:25,16,1,0
24630,high,5,5,yes,1,2021-10-08 14:06:30,17,1,0.2
24630,high,5,4,yes,1,2021-10-08 14:08:42,18,1,0.1
24630,high,5,5,yes,1,2021-10-08 14:10:44,19,1,0.1
24630,high,9.5,5,yes,1,2021-10-08 14:12:42,20,1,0.75
26249,high,5,4,yes,1,2021-10-08 13:32:42,1,1,0.5
26249,high,8,6,yes,1,2021-10-08 13:37:41,2,1,0.4
26249,high,10,6,yes,1,2021-10-08 13:40:06,3,1,0.2
26249,high,10,5,yes,1,2021-10-08 13:41:32,4,1,0.2
26249,high,9.5,4,yes,1,2021-10-08 13:43:33,5,1,0.4
26249,high,10,4,yes,1,2021-10-08 13:44:54,6,1,0.2
26249,high,10,5,yes,1,2021-10-08 13:46:40,7,1,0.2
26249,high,5,5,yes,1,2021-10-08 13:49:32,8,1,0.2
26249,high,9.5,5,yes,1,2021-10-08 13:51:00,9,1,0.2
26249,high,9.75,5,yes,1,2021-10-08 13:53:30,10,1,0.1
26249,high,9.75,3.5,yes,1,2021-10-08 13:55:04,11,1,0.5
26249,high,9,3.5,yes,1,2021-10-08 13:56:56,12,1,0.2
26249,high,9,3.5,yes,1,2021-10-08 13:58:35,13,1,0
26249,high,9.25,3.25,yes,1,2021-10-08 14:01:06,14,1,0
26249,high,9.25,3.75,yes,1,2021-10-08 14:03:13,15,1,0
26249,high,9,3.25,yes,1,2021-10-08 14:05:08,16,1,0.1
26249,high,9.75,3.75,yes,1,2021-10-08 14:07:20,17,1,0.4
26249,high,9,3,yes,1,2021-10-08 14:09:39,18,1,0.5
26249,high,9,3,yes,1,2021-10-08 14:11:01,19,1,0.4
26249,high,9.5,3,yes,1,2021-10-08 14:12:58,20,1,0.5
27285,high,8,9,yes,1,2021-10-08 13:32:19,1,1,0.5
27285,high,6,6,yes,1,2021-10-08 13:36:55,2,1,0.4
27285,high,9,9,yes,1,2021-10-08 13:38:51,3,1,0.75
27285,high,10,6,yes,1,2021-10-08 13:40:48,4,1,0.75
27285,high,10,4,yes,1,2021-10-08 13:43:03,5,1,0.1
27285,high,9,5,yes,1,2021-10-08 13:46:14,6,1,0.2
27285,high,8,8,yes,1,2021-10-08 13:46:55,7,1,0.1
27285,high,10,6,yes,1,2021-10-08 13:49:10,8,1,0.1
27285,high,9.75,5.5,yes,1,2021-10-08 13:51:21,9,1,0.1
27285,high,9.5,5.75,yes,1,2021-10-08 13:52:46,10,1,0.2
27285,high,8.5,3,yes,1,2021-10-08 13:54:45,11,1,0.1
27285,high,9.25,3.5,yes,1,2021-10-08 13:56:46,12,1,0.1
27285,high,9.75,2,yes,1,2021-10-08 13:58:57,13,1,0.75
27285,high,4,2.5,yes,1,2021-10-08 14:01:14,14,1,0.2
27285,high,5.5,2.5,yes,1,2021-10-08 14:03:01,15,1,0.4
27285,high,9.75,3,yes,1,2021-10-08 14:04:49,16,1,0.75
27285,high,9.5,2,yes,1,2021-10-08 14:06:36,17,1,0.75
27285,high,9.25,3.25,yes,1,2021-10-08 14:09:14,18,1,0.4
27285,high,9.75,1,yes,1,2021-10-08 14:10:59,19,1,0.75
27285,high,9.5,2,yes,1,2021-10-08 14:12:54,20,1,0.5
27404,high,10,10,yes,1,2021-10-08 13:33:53,1,1,0.75
27404,high,10,9,yes,1,2021-10-08 13:37:04,2,1,0.75
27404,high,10,9,yes,1,2021-10-08 13:38:46,3,1,0.75
27404,high,10,8,yes,1,2021-10-08 13:40:45,4,1,0.2
27404,high,10,6,yes,1,2021-10-08 13:43:07,5,1,0.2
27404,high,7,9,yes,1,2021-10-08 13:44:33,6,1,0
27404,high,7,8,yes,1,2021-10-08 13:46:26,7,1,0
27404,high,0,6,yes,1,2021-10-08 13:48:27,8,1,0
27404,high,0,5,yes,1,2021-10-08 13:50:30,9,1,0
27404,high,0,6,yes,1,2021-10-08 13:52:30,10,1,0
27404,high,0,5,yes,1,2021-10-08 13:55:07,11,1,0
27404,high,0,3,yes,1,2021-10-08 13:56:31,12,1,0
27404,high,0,4,yes,1,2021-10-08 13:58:51,13,1,0
27404,high,0,5,yes,1,2021-10-08 14:00:40,14,1,0
27404,high,0,5,yes,1,2021-10-08 14:03:14,15,1,0
27404,high,0,6,yes,1,2021-10-08 14:04:36,16,1,0
27404,high,0,4,yes,1,2021-10-08 14:06:39,17,1,0
27404,high,0,5,yes,1,2021-10-08 14:08:52,18,1,0
27404,high,0,3,yes,1,2021-10-08 14:11:05,19,1,0
27404,high,0,3,yes,1,2021-10-08 14:12:32,20,1,0
31648,low,5,6,no,3,2021-10-08 13:32:42,1,2,0.5
31648,low,5.25,6,no,1,2021-10-08 13:36:53,2,2,0.4
31648,low,6,7,no,2,2021-10-08 13:39:38,3,2,0.75
31648,low,6,7,no,5,2021-10-08 13:40:58,4,2,0.75
31648,low,3,7,no,5,2021-10-08 13:42:57,5,2,0.2
31648,low,2,9,no,5,2021-10-08 13:44:47,6,2,0.1
31648,low,1,7,no,6,2021-10-08 13:47:01,7,2,0.2
31648,low,1,8,no,1,2021-10-08 13:48:40,8,2,0.1
31648,low,1,10,no,6,2021-10-08 13:50:49,9,2,0.4
31648,low,0.5,9.5,no,0,2021-10-08 13:52:50,10,2,0.1
31648,low,8,8,no,3,2021-10-08 13:55:13,11,2,0.5
31648,low,9,10,no,3,2021-10-08 13:57:24,12,2,0.5
31648,low,4,8,no,1,2021-10-08 13:59:06,13,2,0.5
31648,low,3,8.5,no,4,2021-10-08 14:00:39,14,2,0.5
31648,low,4,9.5,no,4,2021-10-08 14:02:49,15,2,1
31648,low,5,8.5,no,2,2021-10-08 14:04:45,16,2,0.5
31648,low,2,8,no,1,2021-10-08 14:07:06,17,2,1
31648,low,3,8,no,4,2021-10-08 14:09:38,18,2,0.4
31648,low,3,9,no,4,2021-10-08 14:10:46,19,2,0.5
31648,low,1.25,8,no,2,2021-10-08 14:12:41,20,2,0.1
32011,high,7,5,no,1,2021-10-08 13:31:47,1,0,0.5
32011,high,7.25,8,no,1,2021-10-08 13:37:57,2,0,0.75
32011,high,8,9,no,1,2021-10-08 13:38:56,3,0,0.75
32011,high,10,8,no,1,2021-10-08 13:40:41,4,0,1
32011,high,10,5,no,1,2021-10-08 13:43:00,5,0,1
32011,high,10,2,no,1,2021-10-08 13:44:28,6,0,1
32011,high,10,1,no,1,2021-10-08 13:46:40,7,0,0.75
32011,high,10,0.25,no,1,2021-10-08 13:48:35,8,0,1
32011,high,0.25,0.25,no,1,2021-10-08 13:50:56,9,0,0
32011,high,10,0.25,no,1,2021-10-08 13:52:33,10,0,1
32011,high,10,0.25,no,1,2021-10-08 13:54:33,11,0,1
32011,high,10,0.25,no,1,2021-10-08 13:56:16,12,0,0.75
32011,high,10,0.5,no,1,2021-10-08 13:58:15,13,0,1
32011,high,10,1,no,1,2021-10-08 14:00:37,14,0,1
32011,high,10,3,no,1,2021-10-08 14:02:44,15,0,0.5
32011,high,10,2,no,1,2021-10-08 14:04:21,16,0,0.5
32011,high,10,4,no,1,2021-10-08 14:06:29,17,0,0.5
32011,high,10,5,no,1,2021-10-08 14:08:37,18,0,0.5
32011,high,10,4,no,1,2021-10-08 14:10:34,19,0,0.5
32011,high,10,0.5,no,1,2021-10-08 14:12:22,20,0,0.4
33039,high,5,10,yes,1,2021-10-08 13:33:03,1,1,0.5
33039,high,6,10,yes,1,2021-10-08 13:37:09,2,1,0.5
33039,high,7,10,yes,1,2021-10-08 13:38:34,3,1,0.75
33039,high,5,8,yes,1,2021-10-08 13:40:30,4,1,0.2
33039,high,5,7,yes,1,2021-10-08 13:42:38,5,1,0.4
33039,high,4,6,yes,1,2021-10-08 13:44:36,6,1,0.4
33039,high,4.5,6,yes,1,2021-10-08 13:46:40,7,1,0.2
33039,high,5,5,yes,1,2021-10-08 13:48:31,8,1,0.4
33039,high,7,8,yes,1,2021-10-08 13:50:54,9,1,0.4
33039,high,5.5,6.5,yes,1,2021-10-08 13:52:32,10,1,0.5
33039,high,9,10,yes,1,2021-10-08 13:54:59,11,1,0.5
33039,high,9.5,10,yes,1,2021-10-08 13:56:21,12,1,0.5
33039,high,10,5,yes,1,2021-10-08 13:58:25,13,1,0.5
33039,high,9.5,5,yes,1,2021-10-08 14:00:37,14,1,0.5
33039,high,9,5,yes,1,2021-10-08 14:02:31,15,1,0.75
33039,high,9.25,5,yes,1,2021-10-08 14:04:21,16,1,1
33039,high,8,6,yes,1,2021-10-08 14:06:21,17,1,0.75
33039,high,9.5,3.5,yes,1,2021-10-08 14:08:49,18,1,0.75
33039,high,10,10,yes,1,2021-10-08 14:10:39,19,1,0.75
33039,high,9,3,yes,1,2021-10-08 14:12:27,20,1,0.5
34736,high,1,2,no,1,2021-10-08 13:32:24,1,0,0.05
34736,high,5,6,no,1,2021-10-08 13:37:00,2,0,0.1
34736,high,6,8,no,1,2021-10-08 13:39:43,3,0,0.05
34736,high,9,9,no,1,2021-10-08 13:40:52,4,0,0.1
34736,high,9,10,no,1,2021-10-08 13:43:01,5,0,0.05
34736,high,10,10,no,1,2021-10-08 13:44:51,6,0,0.05
34736,high,5,10,no,1,2021-10-08 13:47:12,7,0,0.2
34736,high,7,6,no,1,2021-10-08 13:49:01,8,0,0.2
34736,high,10,10,no,1,2021-10-08 13:50:46,9,0,0.05
34736,high,1,3,no,1,2021-10-08 13:52:47,10,0,0
34736,high,10,10,no,1,2021-10-08 13:54:51,11,0,0.5
34736,high,8,9,no,1,2021-10-08 13:56:50,12,0,0.5
34736,high,4,2,no,1,2021-10-08 13:58:37,13,0,0
34736,high,10,10,no,1,2021-10-08 14:00:46,14,0,0.75
34736,high,10,10,no,1,2021-10-08 14:02:40,15,0,0.2
34736,high,10,6,no,1,2021-10-08 14:04:44,16,0,1
34736,high,8,9,no,1,2021-10-08 14:06:45,17,0,0.2
34736,high,4,6,no,1,2021-10-08 14:08:54,18,0,0
34736,high,10,10,no,1,2021-10-08 14:10:42,19,0,0.2
34736,high,5,1,no,1,2021-10-08 14:12:59,20,0,0.2
45844,high,5,10,yes,1,2021-10-08 13:33:21,1,1,0.4
45844,high,6,8,yes,1,2021-10-08 13:37:41,2,1,0.4
45844,high,10,10,yes,1,2021-10-08 13:39:52,3,1,0.1
45844,high,9,10,yes,1,2021-10-08 13:41:09,4,1,0.1
45844,high,9,10,yes,1,2021-10-08 13:42:55,5,1,0.05
45844,high,9,10,yes,1,2021-10-08 13:44:47,6,1,0.05
45844,high,9,10,yes,1,2021-10-08 13:46:36,7,1,0.05
45844,high,9.5,10,yes,1,2021-10-08 13:48:52,8,1,0.05
45844,high,9.75,10,yes,1,2021-10-08 13:51:15,9,1,0.05
45844,high,9.75,10,yes,1,2021-10-08 13:52:53,10,1,0.05
45844,high,9.5,10,yes,1,2021-10-08 13:54:49,11,1,0.05
45844,high,9.5,10,yes,1,2021-10-08 13:56:35,12,1,0.05
45844,high,9.25,10,yes,1,2021-10-08 13:59:23,13,1,0.05
45844,high,9.5,9.75,yes,1,2021-10-08 14:01:27,14,1,0.1
45844,high,9.25,9.75,yes,1,2021-10-08 14:02:44,15,1,0.1
45844,high,9,9.75,yes,1,2021-10-08 14:04:37,16,1,0.05
45844,high,9,10,yes,1,2021-10-08 14:06:38,17,1,0.05
45844,high,9.5,10,yes,1,2021-10-08 14:08:54,18,1,0.05
45844,high,9.25,10,yes,1,2021-10-08 14:10:32,19,1,0.05
45844,high,9,10,yes,1,2021-10-08 14:12:39,20,1,0.05
46947,high,2,2,yes,1,2021-10-08 13:33:27,1,1,0.1
46947,high,4,5,yes,1,2021-10-08 13:37:38,2,1,0.5
46947,high,5,8,yes,1,2021-10-08 13:39:17,3,1,0.2
46947,high,5,8,yes,1,2021-10-08 13:40:48,4,1,0.1
46947,high,5,8,yes,1,2021-10-08 13:42:36,5,1,0.2
46947,high,6,8,yes,1,2021-10-08 13:45:00,6,1,0.2
46947,high,6,8,yes,1,2021-10-08 13:46:41,7,1,0.4
46947,high,5,8,yes,1,2021-10-08 13:48:32,8,1,0.2
46947,high,5,5,yes,1,2021-10-08 13:50:47,9,1,0.2
50740,low,5,7,yes,4,2021-10-08 13:32:11,1,3,0.5
50740,low,4,10,yes,1,2021-10-08 13:37:52,2,3,0.4
50740,low,1,10,yes,1,2021-10-08 13:39:18,3,3,0
50740,low,1,10,yes,1,2021-10-08 13:41:30,4,3,0.1
50740,low,1,10,yes,1,2021-10-08 13:43:00,5,3,0
50740,low,1,10,yes,1,2021-10-08 13:44:54,6,3,0
50740,low,1,10,yes,0,2021-10-08 13:46:41,7,3,0
50740,low,1,10,yes,1,2021-10-08 13:48:20,8,3,0
50740,low,1,10,yes,1,2021-10-08 13:50:44,9,3,0
50740,low,1,10,yes,1,2021-10-08 13:52:48,10,3,0
50740,low,1,10,yes,4,2021-10-08 13:54:58,11,3,0
50740,low,1,10,yes,3,2021-10-08 13:57:18,12,3,0
50740,low,1,10,yes,3,2021-10-08 13:59:25,13,3,0.05
50740,low,2,10,yes,4,2021-10-08 14:01:02,14,3,0.5
50740,low,2,10,yes,1,2021-10-08 14:02:53,15,3,0.5
50740,low,2,10,yes,0,2021-10-08 14:04:25,16,3,0.1
50740,low,2,10,yes,0,2021-10-08 14:06:36,17,3,0.05
50740,low,2,10,yes,0,2021-10-08 14:08:22,18,3,0
50740,low,2,10,yes,1,2021-10-08 14:11:24,19,3,0.4
50740,low,2,10,yes,0,2021-10-08 14:12:22,20,3,0.2
55511,high,8,8,no,1,2021-10-08 13:33:55,1,0,0.1
55511,high,7,8,no,1,2021-10-08 13:37:40,2,0,0.1
55511,high,8,10,no,1,2021-10-08 13:39:01,3,0,0.1
55511,high,9,10,no,1,2021-10-08 13:40:36,4,0,0.75
55511,high,8,10,no,1,2021-10-08 13:42:24,5,0,0.5
55511,high,10,10,no,1,2021-10-08 13:44:38,6,0,0.1
55511,high,10,10,no,1,2021-10-08 13:46:47,7,0,0.1
55511,high,9,10,no,1,2021-10-08 13:48:26,8,0,0.75
55511,high,9,10,no,1,2021-10-08 13:50:25,9,0,0
55511,high,10,10,no,1,2021-10-08 13:52:48,10,0,0.1
55511,high,10,10,no,1,2021-10-08 13:54:30,11,0,0.1
55511,high,10,10,no,1,2021-10-08 13:58:10,12,0,0.1
55511,high,10,10,no,1,2021-10-08 13:58:39,13,0,0.1
55511,high,10,10,no,1,2021-10-08 14:00:31,14,0,0.1
55511,high,9,10,no,1,2021-10-08 14:02:48,15,0,0.1
55511,high,9,10,no,1,2021-10-08 14:04:46,16,0,0
55511,high,10,10,no,1,2021-10-08 14:06:59,17,0,0.1
55511,high,10,9.5,no,1,2021-10-08 14:08:37,18,0,0.1
55511,high,10,10,no,1,2021-10-08 14:10:29,19,0,0.1
55511,high,10,10,no,1,2021-10-08 14:12:46,20,0,0.1
56259,high,7,5,no,1,2021-10-08 13:32:16,1,0,0.4
56259,high,8,6,no,1,2021-10-08 13:36:51,2,0,0.5
56259,high,8,6,no,1,2021-10-08 13:38:35,3,0,0.5
56259,high,9,6,no,1,2021-10-08 13:40:28,4,0,0.75
56259,high,9,6,no,1,2021-10-08 13:42:33,5,0,0.75
56259,high,9,6,no,1,2021-10-08 13:45:06,6,0,0.5
56259,high,8,7,no,1,2021-10-08 13:46:36,7,0,0.5
56259,high,9,7,no,1,2021-10-08 13:48:35,8,0,0.5
56259,high,9,6,no,1,2021-10-08 13:50:43,9,0,0.5
56259,high,9,7,no,1,2021-10-08 13:52:15,10,0,0.2
56259,high,9,7,no,1,2021-10-08 13:54:44,11,0,0.4
56259,high,9,6,no,1,2021-10-08 13:56:19,12,0,0.4
56259,high,9,7,no,1,2021-10-08 13:58:30,13,0,0.2
56259,high,9,6,no,1,2021-10-08 14:01:03,14,0,0.1
56259,high,9,6,no,1,2021-10-08 14:02:44,15,0,0.2
56259,high,9,6,no,1,2021-10-08 14:04:53,16,0,0.2
56259,high,9,6,no,1,2021-10-08 14:06:38,17,0,0.4
56259,high,9,6,no,1,2021-10-08 14:08:40,18,0,0.1
56259,high,9,7,no,1,2021-10-08 14:10:26,19,0,0.4
56259,high,9,6,no,1,2021-10-08 14:12:44,20,0,0.75
56298,high,4,6,no,1,2021-10-08 13:31:01,1,0,0.5
56298,high,6,7,no,1,2021-10-08 13:36:28,2,0,0.4
56298,high,5,6,no,1,2021-10-08 13:38:58,3,0,0.05
56298,high,4,6,no,1,2021-10-08 13:40:40,4,0,0.75
56298,high,7,5,no,1,2021-10-08 13:42:32,5,0,0.75
56298,high,6,7,no,1,2021-10-08 13:44:31,6,0,0.4
56298,high,9,6,no,1,2021-10-08 13:47:12,7,0,0.5
56298,high,6,7,no,1,2021-10-08 13:48:25,8,0,0.5
56298,high,6,7,no,1,2021-10-08 13:50:40,9,0,0.4
56298,high,6,6,no,1,2021-10-08 13:52:21,10,0,0.4
56298,high,7,7,no,1,2021-10-08 13:54:41,11,0,0.75
56298,high,9,9,no,1,2021-10-08 13:56:26,12,0,1
56298,high,2,7,no,1,2021-10-08 13:58:47,13,0,0.05
56298,high,5,5,no,1,2021-10-08 14:00:24,14,0,0.5
56298,high,5,6,no,1,2021-10-08 14:02:21,15,0,0.5
56298,high,8,7,no,1,2021-10-08 14:04:54,16,0,0.75
56298,high,6,6,no,1,2021-10-08 14:06:45,17,0,0.4
56298,high,6,6,no,1,2021-10-08 14:08:31,18,0,0.5
56298,high,10,10,no,1,2021-10-08 14:10:52,19,0,0.75
56298,high,4,4,no,1,2021-10-08 14:13:23,20,0,0.4
56920,low,4,5,no,1,2021-10-08 13:32:24,1,2,0.5
56920,low,4,7,no,0,2021-10-08 13:37:43,2,2,0.5
56920,low,5,8,no,2,2021-10-08 13:38:29,3,2,0.4
56920,low,4.5,7,no,4,2021-10-08 13:41:03,4,2,0.75
56920,low,3.5,5,no,2,2021-10-08 13:43:52,5,2,0.4
61101,low,5,10,no,4,2021-10-08 13:31:40,1,2,0.5
61101,low,2,4,no,2,2021-10-08 13:38:05,2,2,0.1
61101,low,1,7,no,3,2021-10-08 13:38:57,3,2,0.4
61101,low,2,5,no,3,2021-10-08 13:42:05,4,2,0.4
61101,low,4,8,no,1,2021-10-08 13:42:44,5,2,0.4
61101,low,3,5,no,4,2021-10-08 13:44:40,6,2,0.75
61101,low,2,4,no,2,2021-10-08 13:47:27,7,2,0.75
61101,low,3,5,no,2,2021-10-08 13:48:27,8,2,0.75
61101,low,3,5,no,4,2021-10-08 13:50:40,9,2,0.2
61101,low,3,5,no,0,2021-10-08 13:52:33,10,2,0.75
61101,low,3,5,no,2,2021-10-08 13:54:57,11,2,0.75
61101,low,3,5,no,2,2021-10-08 13:56:18,12,2,1
61101,low,3,3,no,5,2021-10-08 13:58:52,13,2,1
61101,low,3,3,no,6,2021-10-08 14:00:28,14,2,1
61101,low,3,3,no,0,2021-10-08 14:03:47,15,2,0.75
61101,low,4,4,no,6,2021-10-08 14:04:41,16,2,0.5
61101,low,3,4,no,1,2021-10-08 14:06:48,17,2,0.5
61101,low,3,5,no,5,2021-10-08 14:08:22,18,2,1
61101,low,3,1,no,0,2021-10-08 14:11:06,19,2,1
61101,low,3,1,no,4,2021-10-08 14:12:57,20,2,0.2
63609,low,6,8,no,0,2021-10-08 13:31:44,1,2,0.5
63609,low,5,6,no,1,2021-10-08 13:37:18,2,2,0.4
63609,low,5.5,6,no,2,2021-10-08 13:38:53,3,2,0.5
63609,low,5.5,7,no,3,2021-10-08 13:40:39,4,2,0.4
63609,low,6,7,no,3,2021-10-08 13:43:44,5,2,0.75
63609,low,6,6,no,0,2021-10-08 13:45:00,6,2,0.75
63609,low,6,5,no,1,2021-10-08 13:47:11,7,2,0.5
63609,low,6,5,no,0,2021-10-08 13:48:57,8,2,0.5
63609,low,6,4,no,3,2021-10-08 13:51:11,9,2,0.5
63609,low,7,4,no,1,2021-10-08 13:52:28,10,2,0.75
63609,low,7,4,no,6,2021-10-08 13:54:40,11,2,0.5
63609,low,8,4,no,4,2021-10-08 13:56:31,12,2,0.75
63609,low,8,4,no,3,2021-10-08 13:58:26,13,2,0.75
63609,low,8,4,no,0,2021-10-08 14:00:53,14,2,0.75
63609,low,9,3,no,2,2021-10-08 14:03:14,15,2,0.75
63609,low,9,3,no,0,2021-10-08 14:04:31,16,2,0.75
63609,low,9,3,no,2,2021-10-08 14:06:42,17,2,0.75
63609,low,9,3,no,0,2021-10-08 14:08:52,18,2,0.75
63609,low,9,2,no,1,2021-10-08 14:10:38,19,2,1
63609,low,9,3,no,2,2021-10-08 14:12:37,20,2,1
64828,low,4,6,no,2,2021-10-08 13:32:59,1,2,0.5
64828,low,5,7,no,3,2021-10-08 13:37:45,2,2,0.75
64828,low,5.5,7,no,4,2021-10-08 13:39:00,3,2,0.5
64828,low,6,7,no,2,2021-10-08 13:40:50,4,2,0.5
64828,low,5.75,7,no,3,2021-10-08 13:42:52,5,2,0.75
64828,low,6,7,no,1,2021-10-08 13:45:37,6,2,0.75
64828,low,6.5,7,no,0,2021-10-08 13:46:56,7,2,0.75
64828,low,7,9,no,2,2021-10-08 13:48:42,8,2,0.4
64828,low,7,9,no,3,2021-10-08 13:51:00,9,2,0.5
64828,low,7,9,no,4,2021-10-08 13:53:15,10,2,0.75
64828,low,7,9,no,3,2021-10-08 13:54:40,11,2,0.75
64828,low,7.25,10,no,4,2021-10-08 13:56:38,12,2,0.5
64828,low,7,10,no,2,2021-10-08 13:58:40,13,2,0.2
64828,low,5,8,no,5,2021-10-08 14:00:47,14,2,0.5
64828,low,5.5,7,no,1,2021-10-08 14:02:36,15,2,0.2
64828,low,5.5,6,no,1,2021-10-08 14:04:50,16,2,0.2
64828,low,5.75,6.5,no,4,2021-10-08 14:06:57,17,2,0.4
64828,low,5.75,6,no,1,2021-10-08 14:09:04,18,2,0.4
64828,low,5.75,6,no,6,2021-10-08 14:10:52,19,2,0.4
64828,low,5.5,7,no,1,2021-10-08 14:13:05,20,2,0.5
66430,low,2,5,no,0,2021-10-08 13:31:30,1,2,0.1
66430,low,5,10,no,3,2021-10-08 13:37:01,2,2,0.75
66430,low,3,6,no,0,2021-10-08 13:38:36,3,2,0.4
66430,low,1,2,no,6,2021-10-08 13:42:03,4,2,0.75
66430,low,1,6,no,5,2021-10-08 13:42:29,5,2,0.2
66430,low,4,5,no,3,2021-10-08 13:44:22,6,2,0.4
66430,low,10,10,no,0,2021-10-08 13:46:57,7,2,1
66430,low,5,7,no,4,2021-10-08 13:48:53,8,2,0.4
66430,low,3,8,no,0,2021-10-08 13:50:38,9,2,0.4
66430,low,2,8,no,5,2021-10-08 13:52:47,10,2,0.5
66430,low,2,5,no,4,2021-10-08 13:54:55,11,2,0.2
66430,low,1,4,no,2,2021-10-08 13:56:16,12,2,0.2
66430,low,1,5,no,5,2021-10-08 13:58:40,13,2,0.5
66430,low,1.25,4,no,1,2021-10-08 14:00:19,14,2,0.5
66430,low,3,5,no,3,2021-10-08 14:02:18,15,2,0.4
66430,low,3,5,no,4,2021-10-08 14:04:27,16,2,0.4
66430,low,2,5,no,5,2021-10-08 14:06:15,17,2,0.2
66430,low,2,5,no,5,2021-10-08 14:08:25,18,2,0.4
66430,low,2,5,no,5,2021-10-08 14:10:40,19,2,0.4
66430,low,3,5,no,5,2021-10-08 14:12:20,20,2,0.4
68098,low,1,1,no,1,2021-10-08 13:33:00,1,2,0.5
68098,low,1,1,no,4,2021-10-08 13:37:43,2,2,0.5
68098,low,2,1,no,6,2021-10-08 13:39:14,3,2,0.5
68098,low,1.5,1,no,0,2021-10-08 13:40:42,4,2,0.5
68098,low,2,3,no,1,2021-10-08 13:43:10,5,2,0.5
68098,low,2,3.5,no,4,2021-10-08 13:45:00,6,2,0.75
68098,low,1.5,5,no,2,2021-10-08 13:46:36,7,2,0.75
68098,low,1.5,4,no,4,2021-10-08 13:48:35,8,2,0.5
68098,low,1.5,4.5,no,1,2021-10-08 13:50:40,9,2,1
68098,low,1.5,4,no,3,2021-10-08 13:52:29,10,2,0.5
68098,low,1,3.5,no,1,2021-10-08 13:54:41,11,2,0.5
68098,low,2,3.5,no,3,2021-10-08 13:56:56,12,2,0.5
68098,low,2,3.5,no,0,2021-10-08 13:58:37,13,2,1
68098,low,2.5,3.5,no,2,2021-10-08 14:00:25,14,2,1
68098,low,3,3.5,no,6,2021-10-08 14:02:36,15,2,1
68098,low,3.5,3.5,no,0,2021-10-08 14:04:37,16,2,1
68098,low,1,3,no,3,2021-10-08 14:06:48,17,2,0.5
68098,low,1,2,no,3,2021-10-08 14:08:28,18,2,0.5
68098,low,1,2,no,3,2021-10-08 14:10:42,19,2,0.5
68098,low,1,2,no,0,2021-10-08 14:12:18,20,2,0.5
68401,low,1,2,no,4,2021-10-08 13:31:43,1,2,0.1
68401,low,1.25,2.25,no,6,2021-10-08 13:37:14,2,2,0.4
68401,low,1.25,3,no,0,2021-10-08 13:38:46,3,2,0.5
68401,low,1.25,3,no,5,2021-10-08 13:40:50,4,2,0.4
68401,low,1.25,5,no,0,2021-10-08 13:42:56,5,2,0.2
68401,low,1,10,no,2,2021-10-08 13:44:48,6,2,0.4
68401,low,1.25,9,no,5,2021-10-08 13:47:03,7,2,0.2
68401,low,1.25,4,no,0,2021-10-08 13:48:34,8,2,0.2
68401,low,1.5,6,no,4,2021-10-08 13:50:38,9,2,0.75
68401,low,1.5,4,no,5,2021-10-08 13:52:17,10,2,0.5
68401,low,1.25,6,no,2,2021-10-08 13:55:02,11,2,0.75
68401,low,1.25,4,no,1,2021-10-08 13:57:10,12,2,0.5
68401,low,1.25,2,no,3,2021-10-08 13:58:16,13,2,0.5
68401,low,2,5,no,3,2021-10-08 14:00:55,14,2,0.5
68401,low,1.25,4,no,2,2021-10-08 14:02:32,15,2,0.5
68401,low,1,2,no,3,2021-10-08 14:04:31,16,2,0.5
68401,low,4,5,no,0,2021-10-08 14:06:22,17,2,0.5
68401,low,7,8,no,0,2021-10-08 14:08:26,18,2,0.5
68401,low,1,4,no,0,2021-10-08 14:10:26,19,2,0.5
68401,low,1.25,4,no,0,2021-10-08 14:12:22,20,2,0.4
68719,low,5,6,no,2,2021-10-08 13:33:49,1,2,0.75
68719,low,6,6,no,4,2021-10-08 13:38:08,2,2,0.75
68719,low,5,6,no,1,2021-10-08 13:39:12,3,2,0.5
68719,low,5,6,no,2,2021-10-08 13:41:06,4,2,0.75
68719,low,5,6,no,0,2021-10-08 13:43:20,5,2,0.75
68719,low,5,6,no,3,2021-10-08 13:44:52,6,2,0.5
68719,low,5,6,no,3,2021-10-08 13:46:44,7,2,0.5
68719,low,4,5,no,5,2021-10-08 13:48:56,8,2,0.5
68719,low,5,6,no,2,2021-10-08 13:51:03,9,2,0.75
68719,low,5,6,no,2,2021-10-08 13:53:50,10,2,0.5
68719,low,4,5.5,no,1,2021-10-08 13:54:50,11,2,0.75
68719,low,6,6,no,0,2021-10-08 13:56:40,12,2,0.5
68719,low,5,6,no,4,2021-10-08 13:58:54,13,2,0.5
68719,low,5,6,no,5,2021-10-08 14:01:10,14,2,0.5
68719,low,5,6,no,5,2021-10-08 14:02:46,15,2,0.5
68719,low,5,6,no,1,2021-10-08 14:05:30,16,2,0.5
68719,low,5,6,no,5,2021-10-08 14:07:32,17,2,0.5
68719,low,6,6,no,4,2021-10-08 14:09:04,18,2,0.5
68719,low,6,6,no,3,2021-10-08 14:10:13,19,2,0.75
68719,low,5,6,no,5,2021-10-08 14:12:51,20,2,0.5
71382,low,3,5,yes,2,2021-10-08 13:33:12,1,3,0.5
71382,low,3,5,yes,1,2021-10-08 13:38:03,2,3,0.5
71382,low,3,5,yes,2,2021-10-08 13:39:00,3,3,0.5
71382,low,3,5,yes,0,2021-10-08 13:40:23,4,3,0.75
71382,low,2,6,yes,0,2021-10-08 13:43:08,5,3,0.5
71382,low,2,6,yes,1,2021-10-08 13:44:59,6,3,0.5
71382,low,2,8,yes,0,2021-10-08 13:46:50,7,3,0.75
71382,low,1.5,8,yes,2,2021-10-08 13:49:21,8,3,0.5
71382,low,2,8,yes,2,2021-10-08 13:51:46,9,3,0.5
71382,low,2,10,yes,3,2021-10-08 13:52:49,10,3,0.75
71382,low,2.5,10,yes,3,2021-10-08 13:54:44,11,3,1
71382,low,3,10,yes,0,2021-10-08 13:57:55,12,3,1
71382,low,3,10,yes,1,2021-10-08 13:58:56,13,3,1
71382,low,2,8,yes,4,2021-10-08 14:01:19,14,3,0.4
71382,low,2,8,yes,2,2021-10-08 14:03:10,15,3,0.75
71382,low,2.5,8,yes,0,2021-10-08 14:05:14,16,3,0.5
71382,low,2.5,10,yes,3,2021-10-08 14:06:42,17,3,0.75
71382,low,3,9,yes,1,2021-10-08 14:08:30,18,3,1
71382,low,3.5,9,yes,4,2021-10-08 14:10:24,19,3,1
71382,low,4,10,yes,4,2021-10-08 14:13:33,20,3,1
71538,high,7,6,no,1,2021-10-08 13:31:14,1,0,0.1
71538,high,10,7,no,1,2021-10-08 13:38:08,2,0,0.1
71538,high,6,7,no,1,2021-10-08 13:39:12,3,0,0.1
71538,high,10,10,no,1,2021-10-08 13:40:58,4,0,0.5
71538,high,8,10,no,1,2021-10-08 13:43:30,5,0,0.4
71538,high,3,7,no,1,2021-10-08 13:45:02,6,0,0
71538,high,1,0,no,1,2021-10-08 13:46:43,7,0,0.4
71538,high,10,1,no,1,2021-10-08 13:49:23,8,0,0.75
71538,high,5,7,no,1,2021-10-08 13:50:53,9,0,0.1
71538,high,3,1,no,1,2021-10-08 13:53:18,10,0,0.05
71538,high,3,3,no,1,2021-10-08 13:54:53,11,0,0.4
71538,high,3,8,no,1,2021-10-08 13:56:44,12,0,0
71538,high,4,3,no,1,2021-10-08 13:58:36,13,0,0.1
71538,high,5,2,no,1,2021-10-08 14:00:53,14,0,0.1
71538,high,0.5,2.5,no,1,2021-10-08 14:02:51,15,0,0
71538,high,6,3,no,1,2021-10-08 14:04:31,16,0,0
71538,high,3,3,no,1,2021-10-08 14:06:46,17,0,0.4
71538,high,4,6,no,1,2021-10-08 14:08:57,18,0,0.05
71538,high,5,2,no,1,2021-10-08 14:10:50,19,0,0.05
71538,high,7,5,no,1,2021-10-08 14:12:50,20,0,0.4
74142,low,5,5,yes,2,2021-10-08 13:31:15,1,3,0
74142,low,6,7,yes,2,2021-10-08 13:36:17,2,3,0.05
74142,low,6,8,yes,2,2021-10-08 13:38:25,3,3,0.2
74142,low,6,9,yes,4,2021-10-08 13:40:21,4,3,0.4
74142,low,7,8,yes,3,2021-10-08 13:42:21,5,3,0.5
74142,low,6,8,yes,2,2021-10-08 13:44:22,6,3,0.4
74142,low,7,8,yes,2,2021-10-08 13:46:21,7,3,0.5
74142,low,6,7,yes,3,2021-10-08 13:48:19,8,3,0.4
74142,low,3,7,yes,1,2021-10-08 13:50:21,9,3,0.4
74142,low,6,8,yes,2,2021-10-08 13:52:29,10,3,0.4
74142,low,7,8,yes,1,2021-10-08 13:54:23,11,3,0.2
74142,low,6,7,yes,2,2021-10-08 13:56:26,12,3,0.2
74142,low,7,7,yes,4,2021-10-08 13:58:42,13,3,0.4
74142,low,6,7,yes,1,2021-10-08 14:00:26,14,3,0.5
74142,low,8,8,yes,4,2021-10-08 14:02:18,15,3,0.4
74142,low,7,8,yes,3,2021-10-08 14:04:19,16,3,0.4
74142,low,6,8,yes,1,2021-10-08 14:06:21,17,3,0.4
74142,low,6,7,yes,3,2021-10-08 14:08:21,18,3,0.4
74142,low,7,6,yes,3,2021-10-08 14:10:26,19,3,0.2
74142,low,7,8,yes,3,2021-10-08 14:12:36,20,3,0.4
74469,high,7,3,no,1,2021-10-08 13:33:17,1,0,0.4
74469,high,5,1,no,1,2021-10-08 13:37:30,2,0,0.1
74469,high,6,4,no,1,2021-10-08 13:39:39,3,0,0.05
74469,high,8.25,5.5,no,1,2021-10-08 13:40:49,4,0,0.2
74469,high,9,7,no,1,2021-10-08 13:43:27,5,0,0.1
74469,high,8,6,no,1,2021-10-08 13:45:05,6,0,0.1
74469,high,10,9,no,1,2021-10-08 13:46:32,7,0,0.75
74469,high,10,9.75,no,1,2021-10-08 13:48:36,8,0,0.1
74469,high,10,9.75,no,1,2021-10-08 13:50:39,9,0,0.1
74469,high,9.75,7,no,1,2021-10-08 13:52:44,10,0,0.2
74469,high,9.5,8,no,1,2021-10-08 13:54:50,11,0,0.2
74469,high,9.5,1,no,1,2021-10-08 13:56:50,12,0,0
74469,high,9.75,1,no,1,2021-10-08 13:58:31,13,0,0.4
74469,high,9.75,8,no,1,2021-10-08 14:00:48,14,0,0.4
74469,high,3,1,no,1,2021-10-08 14:03:00,15,0,0
74469,high,2,0.75,no,1,2021-10-08 14:04:42,16,0,0
74469,high,0.25,0.25,no,1,2021-10-08 14:06:19,17,0,0
74469,high,0.5,0.25,no,1,2021-10-08 14:08:46,18,0,0
74469,high,0.5,0.25,no,1,2021-10-08 14:10:28,19,0,0
74469,high,0.5,0.25,no,1,2021-10-08 14:12:37,20,0,0
78313,low,5.25,6,yes,3,2021-10-08 13:32:43,1,3,0.4
78313,low,5,6,yes,4,2021-10-08 13:37:25,2,3,0.5
78313,low,5,6.5,yes,4,2021-10-08 13:39:46,3,3,0.5
78313,low,5,5.5,yes,3,2021-10-08 13:41:02,4,3,0.75
78313,low,5,5.5,yes,2,2021-10-08 13:42:29,5,3,0.5
78313,low,5,5.5,yes,0,2021-10-08 13:44:39,6,3,0.75
78313,low,5,5.5,yes,3,2021-10-08 13:46:51,7,3,0.75
78313,low,4.5,6,yes,0,2021-10-08 13:48:30,8,3,0.75
78313,low,4,4.5,yes,2,2021-10-08 13:50:28,9,3,0.75
78313,low,4,4.5,yes,4,2021-10-08 13:52:25,10,3,0.75
78313,low,4,4.5,yes,0,2021-10-08 13:54:15,11,3,0.75
78313,low,5,5.5,yes,1,2021-10-08 13:56:35,12,3,0.75
78313,low,6.5,4,yes,0,2021-10-08 13:58:41,13,3,0.75
78313,low,6,3,yes,0,2021-10-08 14:00:36,14,3,0.5
78313,low,5,5.5,yes,0,2021-10-08 14:02:26,15,3,0.5
78313,low,6,2,yes,1,2021-10-08 14:04:32,16,3,0.4
78313,low,5,6,yes,2,2021-10-08 14:06:38,17,3,0.4
78313,low,5,6,yes,3,2021-10-08 14:08:24,18,3,0.5
78313,low,5,5.5,yes,1,2021-10-08 14:10:33,19,3,0.5
78313,low,5,5.5,yes,0,2021-10-08 14:12:11,20,3,0.5
85651,low,2,10,yes,4,2021-10-08 13:33:06,1,3,0
85651,low,0,10,yes,3,2021-10-08 13:37:47,2,3,0
85651,low,1,10,yes,3,2021-10-08 13:39:40,3,3,1
85651,low,1,10,yes,2,2021-10-08 13:41:18,4,3,1
85651,low,1,10,yes,1,2021-10-08 13:42:43,5,3,1
85651,low,1,10,yes,2,2021-10-08 13:44:34,6,3,1
85651,low,1,10,yes,1,2021-10-08 13:46:53,7,3,0
85651,low,1,10,yes,4,2021-10-08 13:48:55,8,3,1
85651,low,0,10,yes,0,2021-10-08 13:51:12,9,3,1
85651,low,0,10,yes,2,2021-10-08 13:52:43,10,3,1
85651,low,0,10,yes,2,2021-10-08 13:54:27,11,3,0.5
85651,low,0,10,yes,2,2021-10-08 13:56:29,12,3,0.75
85651,low,0,10,yes,3,2021-10-08 13:58:44,13,3,0.2
85651,low,0,10,yes,3,2021-10-08 14:00:22,14,3,0.75
85651,low,1,10,yes,3,2021-10-08 14:02:28,15,3,1
85651,low,1,10,yes,3,2021-10-08 14:04:17,16,3,0.4
85651,low,1,10,yes,4,2021-10-08 14:06:25,17,3,1
85651,low,1,10,yes,0,2021-10-08 14:08:30,18,3,1
85651,low,1,9,yes,2,2021-10-08 14:10:24,19,3,1
85651,low,1,10,yes,3,2021-10-08 14:12:42,20,3,1
88605,low,1,1,no,3,2021-10-08 13:31:10,1,2,0
88605,low,2,2,no,5,2021-10-08 13:37:15,2,2,0
88605,low,1,5,no,6,2021-10-08 13:38:47,3,2,0
88605,low,1.5,3,no,4,2021-10-08 13:40:46,4,2,0.2
88605,low,2,3,no,4,2021-10-08 13:43:04,5,2,1
88605,low,2,2.5,no,6,2021-10-08 13:44:39,6,2,0.75
88605,low,2,2.5,no,4,2021-10-08 13:46:35,7,2,0.5
88605,low,2,3,no,5,2021-10-08 13:48:48,8,2,1
88605,low,2,3,no,1,2021-10-08 13:50:41,9,2,1
88605,low,1,2,no,4,2021-10-08 13:52:50,10,2,0.2
88605,low,1,3,no,4,2021-10-08 13:54:50,11,2,0.2
88605,low,1,1,no,0,2021-10-08 13:56:38,12,2,0.05
88605,low,1,2,no,1,2021-10-08 13:58:32,13,2,0.1
88605,low,1,2,no,4,2021-10-08 14:00:42,14,2,0.1
88605,low,1,2,no,3,2021-10-08 14:02:42,15,2,0.1
88605,low,1,1.5,no,5,2021-10-08 14:04:43,16,2,0.1
88605,low,1,2,no,2,2021-10-08 14:06:39,17,2,0.1
88605,low,1,1,no,6,2021-10-08 14:08:51,18,2,0.1
88605,low,1,2,no,2,2021-10-08 14:10:40,19,2,0.5
88605,low,1,2,no,3,2021-10-08 14:13:02,20,2,1
89413,low,2,2,yes,0,2021-10-08 13:31:45,1,3,0.2
89413,low,2,2,yes,2,2021-10-08 13:37:21,2,3,0.2
89413,low,2,2,yes,4,2021-10-08 13:39:30,3,3,0.1
89413,low,1.5,2.5,yes,1,2021-10-08 13:41:18,4,3,0.4
89413,low,2,2,yes,0,2021-10-08 13:43:12,5,3,0.5
89413,low,2.5,1.5,yes,4,2021-10-08 13:44:50,6,3,0.5
89413,low,2,1.5,yes,3,2021-10-08 13:48:03,7,3,0.5
89413,low,2,1.5,yes,0,2021-10-08 13:48:31,8,3,0.2
89413,low,2.5,2,yes,0,2021-10-08 13:50:55,9,3,0.1
89413,low,2,2,yes,3,2021-10-08 13:52:39,10,3,0.5
89413,low,2.5,2,yes,3,2021-10-08 13:55:40,11,3,0.5
89413,low,1.5,1,yes,0,2021-10-08 13:57:11,12,3,0.4
89413,low,2,1.5,yes,1,2021-10-08 13:58:54,13,3,0.5
89413,low,2.5,2,yes,2,2021-10-08 14:01:09,14,3,0.2
89413,low,2,1.5,yes,1,2021-10-08 14:03:01,15,3,0.1
89413,low,2.5,2,yes,2,2021-10-08 14:04:51,16,3,0.2
89413,low,1,1,yes,4,2021-10-08 14:06:47,17,3,0.1
89413,low,2,1.5,yes,4,2021-10-08 14:09:01,18,3,0.05
89413,low,2,1.5,yes,0,2021-10-08 14:10:44,19,3,0.05
89413,low,2,1.5,yes,1,2021-10-08 14:12:54,20,3,0.05
94441,low,8,8,no,2,2021-10-08 13:32:09,1,2,1
94441,low,3,6,no,2,2021-10-08 13:37:17,2,2,0.1
94441,low,3,3,no,5,2021-10-08 13:39:27,3,2,0.05
94441,low,1,3,no,0,2021-10-08 13:41:39,4,2,0.05
94441,low,0,10,no,6,2021-10-08 13:43:48,5,2,0
94441,low,0.25,1,no,5,2021-10-08 13:44:49,6,2,0
94441,low,3,8,no,4,2021-10-08 13:47:46,7,2,0.05
94441,low,0,10,no,3,2021-10-08 13:48:44,8,2,0
94441,low,0.25,10,no,0,2021-10-08 13:50:47,9,2,0.05
94441,low,0.25,4,no,2,2021-10-08 13:52:22,10,2,0.05
94441,low,3,6,no,5,2021-10-08 13:54:45,11,2,0.2
94441,low,4,6,no,6,2021-10-08 13:56:53,12,2,0.2
94441,low,2,9,no,4,2021-10-08 13:58:41,13,2,0.1
94441,low,1,5,no,1,2021-10-08 14:00:32,14,2,1
94441,low,2,4,no,0,2021-10-08 14:02:24,15,2,0.75
94441,low,1,9,no,2,2021-10-08 14:04:24,16,2,0.2
94441,low,1.75,8.5,no,6,2021-10-08 14:07:25,17,2,0.2
94441,low,3,3,no,2,2021-10-08 14:08:59,18,2,0.4
94441,low,1,5,no,2,2021-10-08 14:10:39,19,2,0.2
94441,low,1,6,no,1,2021-10-08 14:12:29,20,2,0.4
95474,low,6,4,no,0,2021-10-08 13:31:49,1,2,0.75
95474,low,7,5,no,0,2021-10-08 13:37:42,2,2,1
95474,low,8,6,no,4,2021-10-08 13:38:55,3,2,1
95474,low,8,6,no,6,2021-10-08 13:40:40,4,2,1
95474,low,8,7,no,2,2021-10-08 13:42:53,5,2,1
95474,low,8,5,no,2,2021-10-08 13:45:26,6,2,1
95474,low,8,5,no,5,2021-10-08 13:47:17,7,2,1
95474,low,7,6,no,1,2021-10-08 13:48:56,8,2,0.75
95474,low,6,4,no,5,2021-10-08 13:51:01,9,2,0.75
95474,low,5,3,no,3,2021-10-08 13:52:38,10,2,1
95474,low,5,3,no,0,2021-10-08 13:54:38,11,2,1
95474,low,6,4,no,5,2021-10-08 13:56:17,12,2,1
95474,low,5,5,no,6,2021-10-08 13:58:43,13,2,1
95474,low,6,3,no,2,2021-10-08 14:00:23,14,2,1
95474,low,6,4,no,1,2021-10-08 14:02:41,15,2,1
95474,low,6,4,no,3,2021-10-08 14:04:42,16,2,1
95474,low,6,5,no,0,2021-10-08 14:06:30,17,2,0.75
95474,low,6,5,no,1,2021-10-08 14:08:20,18,2,1
95474,low,6,4,no,1,2021-10-08 14:10:32,19,2,1
95474,low,6,5,no,6,2021-10-08 14:12:30,20,2,1
97040,low,10,10,no,1,2021-10-08 13:32:05,1,2,0.4
97040,low,10,6,no,5,2021-10-08 13:37:16,2,2,0.75
97040,low,8,8,no,0,2021-10-08 13:39:02,3,2,0.75
97040,low,8,9,no,1,2021-10-08 13:40:44,4,2,0.75
97040,low,8,9,no,4,2021-10-08 13:42:33,5,2,0.75
97040,low,8,9,no,1,2021-10-08 13:44:37,6,2,0.75
97040,low,8,1,no,1,2021-10-08 13:47:02,7,2,0.75
97040,low,8,2,no,6,2021-10-08 13:48:58,8,2,0.75
97040,low,8,3,no,2,2021-10-08 13:50:46,9,2,0.75
97040,low,8,3,no,6,2021-10-08 13:52:41,10,2,0.75
97040,low,8,3,no,5,2021-10-08 13:54:43,11,2,0.75
97040,low,8,3,no,1,2021-10-08 13:56:41,12,2,0.75
97040,low,8,5,no,0,2021-10-08 13:58:51,13,2,0.75
97040,low,8,4,no,0,2021-10-08 14:00:50,14,2,0.75
97040,low,6,4,no,4,2021-10-08 14:03:07,15,2,0.75
97040,low,7,3,no,5,2021-10-08 14:05:05,16,2,0.75
97040,low,7,2,no,3,2021-10-08 14:06:56,17,2,0.75
97040,low,7,2,no,2,2021-10-08 14:09:02,18,2,0.75
97040,low,7,2,no,4,2021-10-08 14:10:48,19,2,0.75
97040,low,10,2,no,4,2021-10-08 14:12:54,20,2,0.75
99277,low,3,5,yes,3,2021-10-08 13:31:37,1,3,0.2
99277,low,3.5,5,yes,0,2021-10-08 13:37:30,2,3,0.2
99277,low,3.5,5,yes,3,2021-10-08 13:38:40,3,3,0.2
99277,low,1.5,5,yes,4,2021-10-08 13:40:31,4,3,0.2
99277,low,2,5,yes,4,2021-10-08 13:42:39,5,3,0.4
99277,low,3,5,yes,0,2021-10-08 13:44:41,6,3,0.2
99277,low,4,7,yes,4,2021-10-08 13:46:27,7,3,0.2
99277,low,3,5,yes,3,2021-10-08 13:48:19,8,3,0.2
99277,low,3,5,yes,4,2021-10-08 13:50:23,9,3,0.1
99277,low,3,5,yes,1,2021-10-08 13:52:21,10,3,0.2
99277,low,4,7,yes,2,2021-10-08 13:54:17,11,3,0.4
99277,low,5,7,yes,4,2021-10-08 13:57:03,12,3,0.2
99277,low,10,10,yes,4,2021-10-08 13:58:28,13,3,0.2
99277,low,10,10,yes,0,2021-10-08 14:00:28,14,3,0.75
99277,low,10,10,yes,2,2021-10-08 14:02:18,15,3,0.5
99277,low,10,10,yes,1,2021-10-08 14:04:21,16,3,1
99277,low,10,10,yes,1,2021-10-08 14:06:15,17,3,1
99277,low,10,10,yes,2,2021-10-08 14:08:30,18,3,1
99277,low,10,10,yes,2,2021-10-08 14:10:31,19,3,1
99277,low,10,10,yes,4,2021-10-08 14:12:26,20,3,1
99351,low,0,4,yes,0,2021-10-08 13:32:24,1,3,0
99351,low,0,8,yes,3,2021-10-08 13:37:14,2,3,0
99351,low,0,10,yes,0,2021-10-08 13:38:56,3,3,0
99351,low,0,10,yes,0,2021-10-08 13:40:48,4,3,0
99351,low,0,10,yes,2,2021-10-08 13:42:36,5,3,0
99351,low,0,10,yes,3,2021-10-08 13:44:45,6,3,0
99351,low,0,10,yes,1,2021-10-08 13:46:34,7,3,0
99351,low,0,10,yes,4,2021-10-08 13:48:33,8,3,0
99351,low,0,10,yes,3,2021-10-08 13:50:39,9,3,0
99351,low,0,10,yes,4,2021-10-08 13:52:36,10,3,0
99351,low,0,10,yes,4,2021-10-08 13:54:31,11,3,0
99351,low,0,10,yes,3,2021-10-08 13:56:32,12,3,0
99351,low,0,10,yes,2,2021-10-08 13:58:43,13,3,0
99351,low,0,10,yes,1,2021-10-08 14:00:34,14,3,0
99351,low,0,10,yes,3,2021-10-08 14:02:30,15,3,0
99351,low,0,10,yes,4,2021-10-08 14:04:46,16,3,0
99351,low,0,10,yes,2,2021-10-08 14:06:34,17,3,0
99351,low,0,10,yes,1,2021-10-08 14:08:28,18,3,0
99351,low,0,10,yes,3,2021-10-08 14:10:51,19,3,0
99351,low,0,10,yes,2,2021-10-08 14:12:31,20,3,0
